Index,Headline,Timestamp,Refered stock,ml_sentiment,clean_timestamp
1,$919k META YOLO â€“ Mark â€œHaircutâ€ Zuckerberg Better Print Me Tendies,"Saturday, November 1, 2025 at 12:25:24 AM EDT",META,positive,2025-11-01 00:25:24
2,Am I cooked?,"Saturday, November 1, 2025 at 12:50:49 PM EDT",SPY,neutral,2025-11-01 12:50:49
3,Already down 7% on this call! $META,"Saturday, November 1, 2025 at 3:58:59 PM EDT",META,neutral,2025-11-01 15:58:59
4,3M+ META Yolo,"Sunday, November 2, 2025 at 2:44:16 PM EST",META,positive,2025-11-02 14:44:16
5,Amazon on close before earnings and the day after earnings when cashing outâ€¦.day of close I said fuck,"Sunday, November 2, 2025 at 3:15:46 PM EST",AMZN,neutral,2025-11-02 15:15:46
6,See you guys monday ðŸ«¡,"Sunday, November 2, 2025 at 8:44:09 PM EST",GRAB,neutral,2025-11-02 20:44:09
7,Zuck gonna be Zucked,"Sunday, November 2, 2025 at 11:49:10 PM EST",META,neutral,2025-11-02 23:49:10
8,200K+ YOLO on $HIMS,"Monday, November 3, 2025 at 5:28:49 AM EST",HIMS,positive,2025-11-03 05:28:49
9,"50K YOLO, the only winning move is not to play","Monday, November 3, 2025 at 9:38:57 AM EST",GME,positive,2025-11-03 09:38:57
10,3k of TSLA puts,"Monday, November 3, 2025 at 10:13:54 AM EST",TSLA,neutral,2025-11-03 10:13:54
11,$LUMN YOLO,"Monday, November 3, 2025 at 10:40:27 AM EST",LUMN,positive,2025-11-03 10:40:27
12,HTZ earnings $30k YOLO,"Monday, November 3, 2025 at 11:28:48 AM EST",HTZ,positive,2025-11-03 11:28:48
13,im being a tard again... smh why do i do this,"Monday, November 3, 2025 at 12:48:14 PM EST",QQQ,neutral,2025-11-03 12:48:14
14,100K yolo on $AMD earnings,"Monday, November 3, 2025 at 1:02:16 PM EST",AMD,positive,2025-11-03 13:02:16
15,1.5mil YOLO on PLTR earnings,"Monday, November 3, 2025 at 1:27:10 PM EST",PLTR,positive,2025-11-03 13:27:10
16,$300k $TOST ER play,"Tuesday, November 4, 2025 at 10:24:58 AM EST",TOST,neutral,2025-11-04 10:24:58
17,FRODO BAG(HOLD)INS - PLTR 3DTE SHORT YOLOOO,"Tuesday, November 4, 2025 at 11:31:30 AM EST",PLTR,positive,2025-11-04 11:31:30
18,MSTY and ULTY ate all my gains from this year :-/,"Tuesday, November 4, 2025 at 3:14:36 PM EST",MSTY,positive,2025-11-04 15:14:36
19,$JOBY Earnings YOLO.,"Tuesday, November 4, 2025 at 3:30:27 PM EST",JOBY,positive,2025-11-04 15:30:27
20,SOUN 60k earning yolo,"Tuesday, November 4, 2025 at 3:39:17 PM EST",SOUN,positive,2025-11-04 15:39:17
21,I was a bear for ONE DAY,"Tuesday, November 4, 2025 at 4:25:45 PM EST",SPY,neutral,2025-11-04 16:25:45
22,-sigh-,"Tuesday, November 4, 2025 at 4:41:00 PM EST",HOOD,neutral,2025-11-04 16:41:00
23,Here is my play . Donâ€™t judge me,"Tuesday, November 4, 2025 at 5:04:35 PM EST",AAPL,neutral,2025-11-04 17:04:35
24,ðŸ’ŽðŸ™Œ GLD Callsâ€¦..More like GLD Falls ðŸ™ŒðŸ’Ž,"Tuesday, November 4, 2025 at 5:04:46 PM EST",GLD,neutral,2025-11-04 17:04:46
25,I want to go back in time before I knew this subreddit,"Tuesday, November 4, 2025 at 6:00:37 PM EST",AAPL,neutral,2025-11-04 18:00:37
26,"$26K loss, RDDT + META","Tuesday, November 4, 2025 at 6:35:08 PM EST",RDDT,negative,2025-11-04 18:35:08
27,"$26K loss, RDDT + META","Tuesday, November 4, 2025 at 6:35:08 PM EST",META,negative,2025-11-04 18:35:08
28,$BROS Earnings YOLO,"Tuesday, November 4, 2025 at 6:37:39 PM EST",BROS,positive,2025-11-04 18:37:39
29,100k yolo - ET phone home,"Tuesday, November 4, 2025 at 8:02:15 PM EST",ET,positive,2025-11-04 20:02:15
30,Such is life,"Wednesday, November 5, 2025 at 12:53:46 AM EST",BULL,neutral,2025-11-05 00:53:46
31,The whole US will be suckling on these $TE-ets and itâ€™ll feel so goodâ€¦,"Wednesday, November 5, 2025 at 1:34:17 AM EST",TE,neutral,2025-11-05 01:34:17
32,"Meta Level 100 Charizard TA Analysis - Flamethrower Super Effective, $800+ Breakout","Wednesday, November 5, 2025 at 4:57:35 AM EST",META,neutral,2025-11-05 04:57:35
33,I caught a knife!,"Wednesday, November 5, 2025 at 10:00:38 AM EST",SPRT,neutral,2025-11-05 10:00:38
34,$AMD Loss,"Wednesday, November 5, 2025 at 10:23:32 AM EST",AMD,negative,2025-11-05 10:23:32
35,Doubling/Tripling down on my $APLD and $META,"Wednesday, November 5, 2025 at 10:32:55 AM EST",APLD,neutral,2025-11-05 10:32:55
36,Doubling/Tripling down on my $APLD and $META,"Wednesday, November 5, 2025 at 10:32:55 AM EST",META,neutral,2025-11-05 10:32:55
37,Send prayers ðŸ™,"Wednesday, November 5, 2025 at 10:53:21 AM EST",META,neutral,2025-11-05 10:53:21
38,TE 600k bet,"Wednesday, November 5, 2025 at 11:02:27 AM EST",TE,neutral,2025-11-05 11:02:27
39,$SEZL Long and strong,"Wednesday, November 5, 2025 at 12:21:03 PM EST",SEZL,positive,2025-11-05 12:21:03
40,50k Earnings YOLO for my $BROS,"Wednesday, November 5, 2025 at 1:10:17 PM EST",BROS,positive,2025-11-05 13:10:17
41,Finally closed my UUUU position,"Wednesday, November 5, 2025 at 1:36:14 PM EST",UUUU,neutral,2025-11-05 13:36:14
42,DASH short into ER,"Wednesday, November 5, 2025 at 1:56:30 PM EST",DASH,neutral,2025-11-05 13:56:30
43,100k loss on papaya stock,"Wednesday, November 5, 2025 at 1:58:28 PM EST",PGY,negative,2025-11-05 13:58:28
44,Stock only goes up,"Wednesday, November 5, 2025 at 2:04:23 PM EST",QQQ,neutral,2025-11-05 14:04:23
45,$200k gain on Google,"Wednesday, November 5, 2025 at 2:43:23 PM EST",GOOG,neutral,2025-11-05 14:43:23
46,"Qualcomm reports earnings, revenue beat and issues strong forecast","Wednesday, November 5, 2025 at 4:49:36 PM EST",QCOM,neutral,2025-11-05 16:49:36
47,Abaxx Tech: $90k to $450k (400%) and I didn't even have to use options to do it,"Wednesday, November 5, 2025 at 6:01:21 PM EST",ABXX,neutral,2025-11-05 18:01:21
48,ENPH: Back from the dead?,"Wednesday, November 5, 2025 at 6:51:33 PM EST",ENPH,neutral,2025-11-05 18:51:33
49,"Set some !remindmeâ€™s in the comments for like 2 years out. F the haters, Iâ€™m getting rich without them. See you later.","Wednesday, November 5, 2025 at 7:37:05 PM EST",MSTR,neutral,2025-11-05 19:37:05
50,Boring 1.7 million gain with IREN,"Wednesday, November 5, 2025 at 7:52:51 PM EST",IREN,neutral,2025-11-05 19:52:51
51,ðŸ‘ï¸ â™¥ï¸ ðŸ“» YOLO. Lots of debt but has some exclusive content that appears to be going up in value in the streaming war era.,"Wednesday, November 5, 2025 at 8:06:01 PM EST",IHRT,neutral,2025-11-05 20:06:01
52,370k HOOD earnings YOLO,"Wednesday, November 5, 2025 at 8:31:27 PM EST",HOOD,positive,2025-11-05 20:31:27
53,500k $DNUT YOLO,"Wednesday, November 5, 2025 at 8:44:09 PM EST",DNUT,positive,2025-11-05 20:44:09
54,How coded am I with this 150K in unrealized losses?,"Wednesday, November 5, 2025 at 9:57:30 PM EST",SNAP,neutral,2025-11-05 21:57:30
55,OPEN ALL THE DOORS,"Wednesday, November 5, 2025 at 10:02:16 PM EST",OPEN,neutral,2025-11-05 22:02:16
56,I bought Webull on Robinhoodâ€¦ and my Webull port is up 100%. What timeline am I in?! ðŸ˜Ž,"Wednesday, November 5, 2025 at 11:47:31 PM EST",BULL,neutral,2025-11-05 23:47:31
57,Grocery Outlet & Food Insecurity,"Thursday, November 6, 2025 at 12:32:34 AM EST",GO,neutral,2025-11-06 00:32:34
58,IREN earning play ðŸ¤ ,"Thursday, November 6, 2025 at 4:48:07 AM EST",IREN,neutral,2025-11-06 04:48:07
59,"Boring $3.1 million gain with SPXL. Selling now, I'm glad this is over with.","Thursday, November 6, 2025 at 9:02:53 AM EST",SPXL,neutral,2025-11-06 09:02:53
60,Draftkings $DKNG YOLO and why,"Thursday, November 6, 2025 at 9:05:08 AM EST",DKNG,positive,2025-11-06 09:05:08
61,no clue why i got this... this early. silly stuff,"Thursday, November 6, 2025 at 9:45:02 AM EST",QQQ,neutral,2025-11-06 09:45:02
62,Please save me mark cuckerberg,"Thursday, November 6, 2025 at 9:52:03 AM EST",META,neutral,2025-11-06 09:52:03
63,"6K riding LDI, someone told me rate cuts made this an easy win","Thursday, November 6, 2025 at 10:09:50 AM EST",LDI,neutral,2025-11-06 10:09:50
64,TSLA hedge - am I a regard?,"Thursday, November 6, 2025 at 11:43:10 AM EST",TSLA,neutral,2025-11-06 11:43:10
65,Doubling down on $TSLA puts,"Thursday, November 6, 2025 at 12:13:51 PM EST",TSLA,neutral,2025-11-06 12:13:51
66,Netflix 7 k loss so far,"Thursday, November 6, 2025 at 12:53:07 PM EST",NFLX,negative,2025-11-06 12:53:07
67,Take losses now or hold out?,"Thursday, November 6, 2025 at 2:08:19 PM EST",META,positive,2025-11-06 14:08:19
68,$GRND long real meat,"Thursday, November 6, 2025 at 2:11:05 PM EST",GRND,neutral,2025-11-06 14:11:05
69,T1 Energy - TE YOLO,"Thursday, November 6, 2025 at 2:25:35 PM EST",TE,positive,2025-11-06 14:25:35
70,Decided to come backâ€¦,"Thursday, November 6, 2025 at 2:30:49 PM EST",META,neutral,2025-11-06 14:30:49
71,MSFT YOLO (+15k),"Thursday, November 6, 2025 at 3:11:50 PM EST",MSFT,positive,2025-11-06 15:11:50
72,Bought the dip,"Thursday, November 6, 2025 at 4:06:40 PM EST",SPXL,neutral,2025-11-06 16:06:40
73,Meta rebound gamble,"Thursday, November 6, 2025 at 4:12:29 PM EST",META,neutral,2025-11-06 16:12:29
74,Dropping $NVDA going all in on $GOOGL (rival chip),"Thursday, November 6, 2025 at 4:17:27 PM EST",GOOGL,neutral,2025-11-06 16:17:27
75,For my first ever loss porn. I officially belong hear after 350% over past few yrs,"Thursday, November 6, 2025 at 4:18:19 PM EST",HOOG,negative,2025-11-06 16:18:19
76,Nvidia Loss,"Thursday, November 6, 2025 at 5:50:24 PM EST",NVDA,negative,2025-11-06 17:50:24
77,lost 75% of my portfolio on HOOD earnings report. even though earnings beat expectations the stock still dumped.,"Thursday, November 6, 2025 at 9:46:08 PM EST",HOOD,neutral,2025-11-06 21:46:08
78,GOOGL Six Figure Gains,"Friday, November 7, 2025 at 5:30:19 AM EST",GOOGL,positive,2025-11-07 05:30:19
79,Born for the extreme fearâ€¦,"Friday, November 7, 2025 at 8:00:17 AM EST",META,neutral,2025-11-07 08:00:17
80,Betting against Niccol,"Friday, November 7, 2025 at 10:03:26 AM EST",SBUX,neutral,2025-11-07 10:03:26
81,Sold SPX 6850 calls for Nov 14 up 12k,"Friday, November 7, 2025 at 10:56:09 AM EST",SPX,neutral,2025-11-07 10:56:09
82,25K GAP YOLO,"Friday, November 7, 2025 at 11:35:15 AM EST",GAP,positive,2025-11-07 11:35:15
83,Struck in spx calls,"Friday, November 7, 2025 at 12:44:15 PM EST",SPX,neutral,2025-11-07 12:44:15
84,$10k -> $28k (180% gain) 0DTE scalps this morning,"Friday, November 7, 2025 at 1:34:54 PM EST",SPY,neutral,2025-11-07 13:34:54
85,$35k yolo on PM,"Friday, November 7, 2025 at 2:56:49 PM EST",PM,positive,2025-11-07 14:56:49
86,DLTR DD,"Friday, November 7, 2025 at 3:56:04 PM EST",DLTR,neutral,2025-11-07 15:56:04
87,ACHR: Took an arrow to the knee but bought the dip,"Friday, November 7, 2025 at 4:21:25 PM EST",ACHR,neutral,2025-11-07 16:21:25
88,JOBY 85k YOLO,"Friday, November 7, 2025 at 5:38:46 PM EST",JOBY,positive,2025-11-07 17:38:46
89,Averaged down several times but what the hellâ€¦â€¦â€¦am I cooked?,"Friday, November 7, 2025 at 7:31:42 PM EST",NVDA,neutral,2025-11-07 19:31:42
90,$NICE $HOG 26K & 290K YOLO,"Friday, November 7, 2025 at 8:36:04 PM EST",NICE,positive,2025-11-07 20:36:04
91,$NICE $HOG 26K & 290K YOLO,"Friday, November 7, 2025 at 8:36:04 PM EST",HOG ,positive,2025-11-07 20:36:04
92,DD: Subprime Split Purchases $SEZL,"Friday, November 7, 2025 at 11:10:34 PM EST",SEZL,neutral,2025-11-07 23:10:34
93,Picked up some tactical META calls near the bottom on Friday,"Saturday, November 8, 2025 at 4:00:47 AM EST",META,neutral,2025-11-08 04:00:47
94,Rivian turnaround story has begun,"Saturday, November 8, 2025 at 11:28:04 AM EST",RIVN,neutral,2025-11-08 11:28:04
95,$META ðŸ¸ set it and forget it,"Saturday, November 8, 2025 at 11:30:34 AM EST",META,neutral,2025-11-08 11:30:34
96,"CRWV earnings, Am I cooked?","Saturday, November 8, 2025 at 11:33:58 AM EST",CRWV,neutral,2025-11-08 11:33:58
97,Turns out my rebound was a bull market,"Sunday, November 9, 2025 at 4:10:55 AM EST",BULL,neutral,2025-11-09 04:10:55
98,"Gambling on Gambling is poetry, my synopsis.","Sunday, November 9, 2025 at 11:22:15 AM EST",DKNG,neutral,2025-11-09 11:22:15
99,wont be doing this BS again,"Sunday, November 9, 2025 at 11:54:02 PM EST",QQQ,neutral,2025-11-09 23:54:02
100,Bloom Energy(BE) play for this month,"Monday, November 10, 2025 at 12:17:05 AM EST",BE,neutral,2025-11-10 00:17:05
101,NUAI yolo,"Monday, November 10, 2025 at 12:56:45 AM EST",NUAI,positive,2025-11-10 00:56:45
102,Bought $50k worth of QQQ calls. No idea what Iâ€™m doingâ€¦,"Monday, November 10, 2025 at 1:00:06 AM EST",QQQ,neutral,2025-11-10 01:00:06
103,"META I doubled down, but maybe I shouldâ€™ve gotten short?","Monday, November 10, 2025 at 2:48:19 AM EST",META,neutral,2025-11-10 02:48:19
104,Snap moving after earnings,"Monday, November 10, 2025 at 12:07:05 PM EST",SNAP,neutral,2025-11-10 12:07:05
105,"Back to the WULF den, $69k YOLO","Monday, November 10, 2025 at 12:07:20 PM EST",WULF,positive,2025-11-10 12:07:20
106,MUnday gains,"Monday, November 10, 2025 at 12:16:25 PM EST",MU,positive,2025-11-10 12:16:25
107,Decade of Losses. Iâ€™m fixing it. (YOLO in $BEAM),"Monday, November 10, 2025 at 12:47:43 PM EST",BEAM,positive,2025-11-10 12:47:43
108,"40k on 0 dte spx calls, +75k last week also","Monday, November 10, 2025 at 3:21:17 PM EST",SPX,neutral,2025-11-10 15:21:17
109,8k-126k SPY call yolo,"Monday, November 10, 2025 at 5:45:13 PM EST",SPY,neutral,2025-11-10 17:45:13
110,Bought $ADBE Calls in IRA (100K Full port),"Monday, November 10, 2025 at 6:58:40 PM EST",ADBE,neutral,2025-11-10 18:58:40
111,First 900% gain QQQ 0dte,"Monday, November 10, 2025 at 11:08:13 PM EST",QQQ,neutral,2025-11-10 23:08:13
112,Fat MU Gains,"Tuesday, November 11, 2025 at 6:19:01 AM EST",MU,positive,2025-11-11 06:19:01
113,Portfolio 99% PLTR since 2021,"Tuesday, November 11, 2025 at 11:27:10 AM EST",PLTR,neutral,2025-11-11 11:27:10
114,Is this what you call diamond hands?,"Tuesday, November 11, 2025 at 12:56:11 PM EST",FLNC,positive,2025-11-11 12:56:11
115,Going for a Lambo from LABU,"Tuesday, November 11, 2025 at 1:12:18 PM EST",LABU,neutral,2025-11-11 13:12:18
116,What's up with $AMBA,"Tuesday, November 11, 2025 at 2:25:37 PM EST",AMBA,neutral,2025-11-11 14:25:37
117,B2b +45k days on spx calls,"Tuesday, November 11, 2025 at 3:51:20 PM EST",SPX,neutral,2025-11-11 15:51:20
118,$17k TTWO bounce back bet,"Tuesday, November 11, 2025 at 4:28:06 PM EST",TTWO,neutral,2025-11-11 16:28:06
119,SQQQ yolo for 45K,"Tuesday, November 11, 2025 at 5:02:38 PM EST",SQQQ,positive,2025-11-11 17:02:38
120,55K+ AAOI YOLO,"Tuesday, November 11, 2025 at 5:35:40 PM EST",AAOI,positive,2025-11-11 17:35:40
121,RIVN breakout commenced. Full send,"Tuesday, November 11, 2025 at 5:47:23 PM EST",RIVN,neutral,2025-11-11 17:47:23
122,GOLD IS BACK,"Tuesday, November 11, 2025 at 7:06:51 PM EST",NEM,neutral,2025-11-11 19:06:51
123,I need a miracle rally from MSTR IM cooked ðŸ˜­ðŸ˜­ðŸ˜­,"Tuesday, November 11, 2025 at 9:09:45 PM EST",MSTR,neutral,2025-11-11 21:09:45
124,All in on PayPal. Position and Math,"Tuesday, November 11, 2025 at 10:15:49 PM EST",PYPL,neutral,2025-11-11 22:15:49
125,All in on PayPal. Position and Math,"Tuesday, November 11, 2025 at 10:15:49 PM EST",MATH,neutral,2025-11-11 22:15:49
126,$RIVN,"Wednesday, November 12, 2025 at 1:03:13 AM EST",RIVN,neutral,2025-11-12 01:03:13
127,Thoughts and prayers,"Wednesday, November 12, 2025 at 5:17:55 AM EST",NVDA,neutral,2025-11-12 05:17:55
128,RKLB & SOFI are my babies. Riding these two from single digits,"Wednesday, November 12, 2025 at 9:58:10 AM EST",RKLB,neutral,2025-11-12 09:58:10
129,RKLB & SOFI are my babies. Riding these two from single digits,"Wednesday, November 12, 2025 at 9:58:10 AM EST",SOFI,neutral,2025-11-12 09:58:10
130,SQQQ YOLO 2,"Wednesday, November 12, 2025 at 9:58:28 AM EST",SQQQ,positive,2025-11-12 09:58:28
131,250k on weed,"Wednesday, November 12, 2025 at 10:21:00 AM EST",GTBIF,neutral,2025-11-12 10:21:00
132,I fucked a short: $SOFI (gain),"Wednesday, November 12, 2025 at 10:56:12 AM EST",SOFI,neutral,2025-11-12 10:56:12
133,Do people even post their losses anymore??,"Wednesday, November 12, 2025 at 11:00:43 AM EST",META,neutral,2025-11-12 11:00:43
134,Sweetgreen YOLO,"Wednesday, November 12, 2025 at 11:48:24 AM EST",SG,positive,2025-11-12 11:48:24
135,Advanced Money Duolingo,"Wednesday, November 12, 2025 at 12:48:12 PM EST",DUOL,neutral,2025-11-12 12:48:12
136,PFE: Overnight 230k win ðŸš€,"Wednesday, November 12, 2025 at 1:35:06 PM EST",PFE,neutral,2025-11-12 13:35:06
137,Tis but a scratch! A scratch?!? But your arms off!....No it isn't!,"Wednesday, November 12, 2025 at 2:14:30 PM EST",NVDA,neutral,2025-11-12 14:14:30
138,Netflix (NFLX) is still a great buy,"Wednesday, November 12, 2025 at 2:42:28 PM EST",NFLX,positive,2025-11-12 14:42:28
139,Shorting the AI Bubble via shorting Softbank,"Wednesday, November 12, 2025 at 3:10:56 PM EST",SFTBY,neutral,2025-11-12 15:10:56
140,$OPEN the door to Valhalla,"Wednesday, November 12, 2025 at 4:14:14 PM EST",OPEN,neutral,2025-11-12 16:14:14
141,QQQ 55K Puts 2 days,"Wednesday, November 12, 2025 at 4:28:13 PM EST",QQQ,neutral,2025-11-12 16:28:13
142,Jus Hold they say ðŸ”¥,"Wednesday, November 12, 2025 at 4:57:39 PM EST",NFLX,positive,2025-11-12 16:57:39
143,Good day,"Wednesday, November 12, 2025 at 6:31:38 PM EST",AMD,neutral,2025-11-12 18:31:38
144,ALLY Rally,"Wednesday, November 12, 2025 at 7:49:17 PM EST",ALLY,neutral,2025-11-12 19:49:17
145,I had a nightmare that I sold and booked profitsâ€¦,"Wednesday, November 12, 2025 at 10:46:15 PM EST",SOFI,neutral,2025-11-12 22:46:15
146,Gld Gains,"Wednesday, November 12, 2025 at 11:30:07 PM EST",GLD,positive,2025-11-12 23:30:07
147,$BULL yolo,"Thursday, November 13, 2025 at 11:29:08 AM EST",BULL,positive,2025-11-13 11:29:08
148,PUTS 55K 11/14,"Thursday, November 13, 2025 at 12:28:17 PM EST",QQQ,neutral,2025-11-13 12:28:17
149,My application to Wendyâ€™s,"Thursday, November 13, 2025 at 2:14:08 PM EST",SPX,positive,2025-11-13 14:14:08
150,$OPEN me up,"Thursday, November 13, 2025 at 3:08:32 PM EST",OPEN,neutral,2025-11-13 15:08:32
151,MSTR sucks ass,"Thursday, November 13, 2025 at 3:59:31 PM EST",MSTR,neutral,2025-11-13 15:59:31
152,7000% gain ytd - 12k on googl,"Thursday, November 13, 2025 at 4:48:27 PM EST",CA,neutral,2025-11-13 16:48:27
153,Full port YOLO -> Down 20% in 3 days. Two months worth of salary gone. I'll see ðŸ«µ at Wendy's,"Thursday, November 13, 2025 at 5:09:26 PM EST",AAOI,neutral,2025-11-13 17:09:26
154,Saw another BULLtard YOLO'ing so I thought I'd share my BULLYOLO,"Thursday, November 13, 2025 at 7:23:29 PM EST",BULL,positive,2025-11-13 19:23:29
155,Need consistency and the moment when you know it will sky rocket!,"Thursday, November 13, 2025 at 8:07:20 PM EST",TSLA,neutral,2025-11-13 20:07:20
156,This is why you hedge,"Thursday, November 13, 2025 at 9:19:31 PM EST",SPY,neutral,2025-11-13 21:19:31
157,Hope I donâ€™t get vix vapor rubbed,"Thursday, November 13, 2025 at 11:40:46 PM EST",VXX,neutral,2025-11-13 23:40:46
158,Nonstop gains on NVDA,"Friday, November 14, 2025 at 12:50:23 AM EST",NVDA,positive,2025-11-14 00:50:23
159,ES Future Loss Porn,"Friday, November 14, 2025 at 8:16:20 AM EST",ES,negative,2025-11-14 08:16:20
160,1000% on spy,"Friday, November 14, 2025 at 9:39:12 AM EST",SPY,neutral,2025-11-14 09:39:12
161,$MU gains,"Friday, November 14, 2025 at 9:52:27 AM EST",MU,positive,2025-11-14 09:52:27
162,$92k ASPI YOLO,"Friday, November 14, 2025 at 11:27:00 AM EST",ASPI,positive,2025-11-14 11:27:00
163,I Love Volatility,"Friday, November 14, 2025 at 11:46:16 AM EST",SPY,neutral,2025-11-14 11:46:16
164,My +30% gain in NBIS now sits at +6%. Iâ€™m ready to buy more,"Friday, November 14, 2025 at 1:13:48 PM EST",NBIS,positive,2025-11-14 13:13:48
165,$57k loss porn on MSTR (shares only) - still HODLing... wen moon again?,"Friday, November 14, 2025 at 1:15:11 PM EST",MSTR,negative,2025-11-14 13:15:11
166,sinn of the day: greed,"Friday, November 14, 2025 at 1:25:01 PM EST",CIFR,neutral,2025-11-14 13:25:01
167,"Hey guys, they're just handing out cash over here.","Friday, November 14, 2025 at 2:06:24 PM EST",RKLB,neutral,2025-11-14 14:06:24
168,Changed my Robinhood configuration,"Friday, November 14, 2025 at 2:39:57 PM EST",DUOL,neutral,2025-11-14 14:39:57
169,Thank you CDTX,"Friday, November 14, 2025 at 3:03:59 PM EST",CDTX,neutral,2025-11-14 15:03:59
170,"YOLOâ€™d $1.5K into TSLA 0DTE OTM calls, entered at open, sold for 300% gain in an hour. And scalped some MSTR. Lucky Friday in my new account","Friday, November 14, 2025 at 3:35:45 PM EST",TSLA,positive,2025-11-14 15:35:45
171,DOWN WITH SAYLOR,"Friday, November 14, 2025 at 4:12:37 PM EST",MSTR,neutral,2025-11-14 16:12:37
172,Pamp it plz ðŸ¸,"Friday, November 14, 2025 at 5:16:37 PM EST",META,neutral,2025-11-14 17:16:37
173,GOOGL 35k $ Gains,"Friday, November 14, 2025 at 5:51:34 PM EST",GOOGL,positive,2025-11-14 17:51:34
174,Full ported NBIS and IREN last week,"Friday, November 14, 2025 at 6:25:38 PM EST",NBIS,neutral,2025-11-14 18:25:38
175,Full ported NBIS and IREN last week,"Friday, November 14, 2025 at 6:25:38 PM EST",IREN,neutral,2025-11-14 18:25:38
176,Google loss porn -85k,"Friday, November 14, 2025 at 8:16:51 PM EST",GOOGL,negative,2025-11-14 20:16:51
177,SNAP 50K YOLO w/ confirmation bias,"Saturday, November 15, 2025 at 5:09:16 AM EST",SNAP,positive,2025-11-15 05:09:16
178,Welcome to doodoo land | $VOYG puts,"Saturday, November 15, 2025 at 7:33:38 AM EST",VOYG,neutral,2025-11-15 07:33:38
179,10K in QQQ puts,"Saturday, November 15, 2025 at 3:04:16 PM EST",QQQ,neutral,2025-11-15 15:04:16
180,Swinging over the weekend,"Saturday, November 15, 2025 at 5:43:29 PM EST",GDX,neutral,2025-11-15 17:43:29
181,Split for NFLX,"Sunday, November 16, 2025 at 3:17:44 PM EST",NFLX,neutral,2025-11-16 15:17:44
182,"Breaking news: Netflix loses more than 400 billion in their valution, DOWN 90%.","Monday, November 17, 2025 at 3:30:48 AM EST",NFLX,neutral,2025-11-17 03:30:48
183,Nvidia CEO Jensen Huang surprised investors with a 'half a trillion' forecast. It'll come up at earnings,"Monday, November 17, 2025 at 10:28:00 AM EST",NVDA,neutral,2025-11-17 10:28:00
184,Genuinely donâ€™t have much left,"Monday, November 17, 2025 at 11:23:31 AM EST",SPY,neutral,2025-11-17 11:23:31
185,Got Zucked,"Monday, November 17, 2025 at 11:59:04 AM EST",META,neutral,2025-11-17 11:59:04
186,"$18K 0DTE puts. closed too early at 2 PM, but I need a breather since starting with $4K Friday. I should probably lower the risk now right?","Monday, November 17, 2025 at 2:33:22 PM EST",SPY,neutral,2025-11-17 14:33:22
187,$PACS tax free gains,"Monday, November 17, 2025 at 3:08:53 PM EST",PACS,positive,2025-11-17 15:08:53
188,$26k GOOG Gains,"Monday, November 17, 2025 at 5:32:59 PM EST",GOOG,positive,2025-11-17 17:32:59
189,330k Micron calls bet,"Monday, November 17, 2025 at 6:18:12 PM EST",MU,neutral,2025-11-17 18:18:12
190,shorted the $HOOD,"Monday, November 17, 2025 at 10:06:24 PM EST",HOOD,neutral,2025-11-17 22:06:24
191,RDDT Rocket Ready,"Tuesday, November 18, 2025 at 1:51:55 AM EST",RDDT,neutral,2025-11-18 01:51:55
192,Surely webull cannot go any lower?,"Tuesday, November 18, 2025 at 4:29:24 AM EST",BULL,neutral,2025-11-18 04:29:24
193,Diversification? Donâ€™t make me laugh.,"Tuesday, November 18, 2025 at 10:55:13 AM EST",BMNR,neutral,2025-11-18 10:55:13
194,"Spy , mstr loss","Tuesday, November 18, 2025 at 12:29:41 PM EST",SPY,negative,2025-11-18 12:29:41
195,"Spy , mstr loss","Tuesday, November 18, 2025 at 12:29:41 PM EST",MSTR,negative,2025-11-18 12:29:41
196,Since I lost most of my money on fake meat. I decided to buy some real meat at Wendyâ€™s,"Tuesday, November 18, 2025 at 12:47:22 PM EST",WEN,positive,2025-11-18 12:47:22
197,POET and META losses,"Tuesday, November 18, 2025 at 2:51:37 PM EST",POET,neutral,2025-11-18 14:51:37
198,POET and META losses,"Tuesday, November 18, 2025 at 2:51:37 PM EST",META,neutral,2025-11-18 14:51:37
199,$CMCSA DD,"Tuesday, November 18, 2025 at 2:53:25 PM EST",CMCSA,neutral,2025-11-18 14:53:25
200,$70K $RDW Bet,"Tuesday, November 18, 2025 at 3:54:21 PM EST",RDW,neutral,2025-11-18 15:54:21
201,No need for painkillers for the time being,"Tuesday, November 18, 2025 at 4:25:00 PM EST",NFLX,neutral,2025-11-18 16:25:00
202,I think Iâ€™m cooked BMNU,"Tuesday, November 18, 2025 at 7:29:20 PM EST",BMNU,neutral,2025-11-18 19:29:20
203,We're in the end game now.,"Wednesday, November 19, 2025 at 6:58:47 AM EST",NVDA,neutral,2025-11-19 06:58:47
204,YOLO $23k LUNR,"Wednesday, November 19, 2025 at 9:38:20 AM EST",LUNR,positive,2025-11-19 09:38:20
205,TSLA puts yolo 45k,"Wednesday, November 19, 2025 at 11:35:56 AM EST",TSLA,positive,2025-11-19 11:35:56
206,$RIVN gain 2.4K -> 13K,"Wednesday, November 19, 2025 at 12:18:56 PM EST",RIVN,neutral,2025-11-19 12:18:56
207,Because my financial advisor was tooth fairy ðŸ§š,"Wednesday, November 19, 2025 at 12:58:26 PM EST",DND,neutral,2025-11-19 12:58:26
208,Bleeding bad,"Wednesday, November 19, 2025 at 1:03:27 PM EST",META,neutral,2025-11-19 13:03:27
209,Bleeding bad,"Wednesday, November 19, 2025 at 1:03:27 PM EST",MSFT,neutral,2025-11-19 13:03:27
210,Fork in the road,"Wednesday, November 19, 2025 at 3:46:37 PM EST",NVDA,neutral,2025-11-19 15:46:37
211,How to do 0dte after market close 101,"Wednesday, November 19, 2025 at 5:45:59 PM EST",NVDA,neutral,2025-11-19 17:45:59
212,Look at me,"Wednesday, November 19, 2025 at 11:44:02 PM EST",NVDA,neutral,2025-11-19 23:44:02
213,PACS 2 moon,"Thursday, November 20, 2025 at 9:49:19 AM EST",PACS,positive,2025-11-20 09:49:19
214,Iâ€™m finally break even. Will quit and do ETFs now.,"Thursday, November 20, 2025 at 9:58:09 AM EST",TQQQ,neutral,2025-11-20 09:58:09
215,Tired of the BULL shit,"Thursday, November 20, 2025 at 10:35:49 AM EST",BULL,neutral,2025-11-20 10:35:49
216,META 600c,"Thursday, November 20, 2025 at 11:32:02 AM EST",META,neutral,2025-11-20 11:32:02
217,What a crazy trap set for all $NVDA bulls,"Thursday, November 20, 2025 at 11:57:17 AM EST",NVDA,neutral,2025-11-20 11:57:17
218,$1.2k to $38k,"Thursday, November 20, 2025 at 12:03:22 PM EST",SPX,neutral,2025-11-20 12:03:22
219,I was just trying to scalp for a quick gain and got distracted,"Thursday, November 20, 2025 at 1:04:07 PM EST",SPY,neutral,2025-11-20 13:04:07
220,Up $5k on an options trade this morning. DEC 31 $SPY Puts. Held for a grand total of just over 2 hours. That was some easy money.,"title=""Thursday, November 20, 2025 at 2:25:16 PM EST""",SPY,neutral,
221,QQQ puts 0DTE gain 0.1$P >> 3.68$P,"Thursday, November 20, 2025 at 3:22:35 PM EST",QQQ,neutral,2025-11-20 15:22:35
222,Shorted Tesla at its substanceless top and held like a regard.,"Thursday, November 20, 2025 at 3:35:04 PM EST",TSLA,neutral,2025-11-20 15:35:04
223,META Losses,"Thursday, November 20, 2025 at 3:41:01 PM EST",META,neutral,2025-11-20 15:41:01
224,Is first one always free?,"Thursday, November 20, 2025 at 4:28:12 PM EST",PLTR,neutral,2025-11-20 16:28:12
225,Webull reports strong Q3 Earnings. Reports EPS of $0.07 exceeding the $0.03 estimate,"Thursday, November 20, 2025 at 4:28:42 PM EST",BULL ,neutral,2025-11-20 16:28:42
226,I went full regard today,"Thursday, November 20, 2025 at 4:52:58 PM EST",IREN,neutral,2025-11-20 16:52:58
227,Full cash port 13k 0DTE Spx puts,"Thursday, November 20, 2025 at 6:08:12 PM EST",SPX,neutral,2025-11-20 18:08:12
228,Sold the Top and Laughed at the Drop,"Thursday, November 20, 2025 at 6:32:21 PM EST",QQQ,neutral,2025-11-20 18:32:21
229,$HOOD has been good to me this week,"Thursday, November 20, 2025 at 6:50:53 PM EST",HOOD,neutral,2025-11-20 18:50:53
230,$112k GOOG calls sold 30 minutes before the collapse,"Thursday, November 20, 2025 at 8:52:14 PM EST",GOOG,neutral,2025-11-20 20:52:14
231,Accidental 5k -> 150k,"Thursday, November 20, 2025 at 9:28:55 PM EST",SPX,neutral,2025-11-20 21:28:55
232,"One million dollars bet on $SPT, down 20%, will hold till 25$","Friday, November 21, 2025 at 5:29:59 AM EST",SPT,positive,2025-11-21 05:29:59
233,SPX Puts 1k to 21k,"Friday, November 21, 2025 at 5:47:51 AM EST",SPX,neutral,2025-11-21 05:47:51
234,I believe in the market. SPY 700 by March.,"Friday, November 21, 2025 at 11:17:02 AM EST",SPY,neutral,2025-11-21 11:17:02
235,Wiped out 100 k in a span of 2 days 21 years old,"Friday, November 21, 2025 at 11:36:47 AM EST",QQQ,neutral,2025-11-21 11:36:47
236,QQQ 0DTE regard gain,"Friday, November 21, 2025 at 11:59:35 AM EST",QQQ,neutral,2025-11-21 11:59:35
237,Anatomy of a tenbagger: why the Red Queen hypothesis will help you find the next NVDA. AMPX DD,"Friday, November 21, 2025 at 1:43:56 PM EST",AMPX,neutral,2025-11-21 13:43:56
238,Trump team internally floats idea of selling Nvidia H200 Chips to China,"Friday, November 21, 2025 at 2:14:45 PM EST",NVDA,neutral,2025-11-21 14:14:45
239,Highly diversified portfolio? Never heard of it.,"Friday, November 21, 2025 at 3:22:22 PM EST",GOOGL,neutral,2025-11-21 15:22:22
240,59k YOLO NVIDIA,"Friday, November 21, 2025 at 3:44:20 PM EST",NVDA,positive,2025-11-21 15:44:20
241,here we go again 12 k on the line... idk why im liking the market going up,"Friday, November 21, 2025 at 6:10:43 PM EST",QQQ,neutral,2025-11-21 18:10:43
242,Accidental 10k -> 60k,"Friday, November 21, 2025 at 6:59:12 PM EST",RUTW,neutral,2025-11-21 18:59:12
243,$OPEN THE ðŸšª ALREADY !,"Friday, November 21, 2025 at 8:44:43 PM EST",OPEN,neutral,2025-11-21 20:44:43
244,Amazing gains from investmentâ€”long TSLA,"Saturday, November 22, 2025 at 12:33:39 PM EST",TSLA,neutral,2025-11-22 12:33:39
245,80k -> 740k ->1k MSTR,"Sunday, November 23, 2025 at 2:21:31 AM EST",MSTR,neutral,2025-11-23 02:21:31
246,fuck you sam,"Monday, November 24, 2025 at 10:00:52 AM EST",GOOGL,neutral,2025-11-24 10:00:52
247,Need to go with my gut more,"Monday, November 24, 2025 at 10:16:08 AM EST",GOOGL,neutral,2025-11-24 10:16:08
248,Guess who sold GOOGL at $192,"Monday, November 24, 2025 at 11:15:42 AM EST",GOOGL,neutral,2025-11-24 11:15:42
249,i dont know why i did this. smh. im still wondering. 10k on the line,"Monday, November 24, 2025 at 11:40:29 AM EST",QQQ,neutral,2025-11-24 11:40:29
250,GOOG 4x gain,"Monday, November 24, 2025 at 11:41:12 AM EST",GOOGL,neutral,2025-11-24 11:41:12
251,$AVGO Gain 678%,"Monday, November 24, 2025 at 12:02:52 PM EST",AVGO,neutral,2025-11-24 12:02:52
252,Corsair ($CRSR) - Margin Glitch. Insiders Just Loaded the Boat. The Market is Sleeping.,"Monday, November 24, 2025 at 1:12:59 PM EST",CRSR,neutral,2025-11-24 13:12:59
253,Big G for the win !!!!,"Monday, November 24, 2025 at 1:17:29 PM EST",GOOGL,positive,2025-11-24 13:17:29
254,PSKY $70K YOLO,"Monday, November 24, 2025 at 2:16:30 PM EST",PSKY,positive,2025-11-24 14:16:30
255,GOOG Gains,"Monday, November 24, 2025 at 2:27:09 PM EST",GOOG,positive,2025-11-24 14:27:09
256,"Buying the dip, kept dipping $APLD $META","Monday, November 24, 2025 at 3:14:12 PM EST",APLD,neutral,2025-11-24 15:14:12
257,"Buying the dip, kept dipping $APLD $META","Monday, November 24, 2025 at 3:14:12 PM EST",META,neutral,2025-11-24 15:14:12
258,PGY - Oversold and Undervalued,"Monday, November 24, 2025 at 3:43:26 PM EST",PGY,neutral,2025-11-24 15:43:26
259,Royal Flush â™¦ï¸,"Monday, November 24, 2025 at 4:03:35 PM EST",GOOGL,neutral,2025-11-24 16:03:35
260,Sundar is my daddy,"Monday, November 24, 2025 at 5:41:28 PM EST",GOOGL,neutral,2025-11-24 17:41:28
261,What the hell is going on with NVDA?,"Monday, November 24, 2025 at 7:28:36 PM EST",NVDA,neutral,2025-11-24 19:28:36
262,My high conviction trade of the year: Full ported into META calls (looking good on both ends: technical and fundamental),"Monday, November 24, 2025 at 8:10:43 PM EST",META,neutral,2025-11-24 20:10:43
263,LEAP into GOOG,"Monday, November 24, 2025 at 9:32:05 PM EST",GOOG,neutral,2025-11-24 21:32:05
264,It took me 5 years to break. I'm a loser and should have just bought SPY.,"Tuesday, November 25, 2025 at 4:13:04 AM EST",SPY,neutral,2025-11-25 04:13:04
265,NBIS meme stock losses,"Tuesday, November 25, 2025 at 10:02:58 AM EST",NBIS,neutral,2025-11-25 10:02:58
266,Time to re-ride the RKT,"Tuesday, November 25, 2025 at 11:22:14 AM EST",RKT,neutral,2025-11-25 11:22:14
267,NVDIA releases statement on Google's success,"Tuesday, November 25, 2025 at 1:33:17 PM EST",NVDA,neutral,2025-11-25 13:33:17
268,$837k META yolo,"Tuesday, November 25, 2025 at 5:12:22 PM EST",META,positive,2025-11-25 17:12:22
269,META saved me from bankruptcy,"Tuesday, November 25, 2025 at 6:08:58 PM EST",META,neutral,2025-11-25 18:08:58
270,"CSCO my ass, holding NVDA since 2008","Tuesday, November 25, 2025 at 8:42:07 PM EST",NVDA,neutral,2025-11-25 20:42:07
271,"KSS and ANF, next retail (retail) rally is $GAP","Tuesday, November 25, 2025 at 10:45:23 PM EST",ANF,neutral,2025-11-25 22:45:23
272,"Lottery -SPY 0DTE- calls (325$ â€”> 4K$, 1200% gain). not great not terrible.","Tuesday, November 25, 2025 at 11:08:37 PM EST",SPY,neutral,2025-11-25 23:08:37
273,Locked in profits on GOOGL â€” gains are gains!,"Wednesday, November 26, 2025 at 3:24:12 AM EST",GOOGL,positive,2025-11-26 03:24:12
274,"Thanks Google, $13.5K to $27K and $10.7K to $12.8K","Wednesday, November 26, 2025 at 10:50:50 AM EST",GOOG,neutral,2025-11-26 10:50:50
275,Finally a good trade after beating down $HOOD,"Wednesday, November 26, 2025 at 12:30:53 PM EST",HOOD,neutral,2025-11-26 12:30:53
276,Looks like I'm cooked on this position. Christmas is cancelled this year.,"Wednesday, November 26, 2025 at 1:37:36 PM EST",MSTR,neutral,2025-11-26 13:37:36
277,Sweet Quantum Losses,"Wednesday, November 26, 2025 at 3:42:55 PM EST",QBTS,neutral,2025-11-26 15:42:55
278,Sweet Quantum Losses,"Wednesday, November 26, 2025 at 3:42:55 PM EST",RGTI,neutral,2025-11-26 15:42:55
279,Since You Guys Hate BMNR so much I decided to buy it.,"Wednesday, November 26, 2025 at 5:24:45 PM EST",BMNR,positive,2025-11-26 17:24:45
280,HOOD calls back from the dead..again,"Wednesday, November 26, 2025 at 5:25:45 PM EST",HOOD,neutral,2025-11-26 17:25:45
281,Never give up,"Wednesday, November 26, 2025 at 5:57:21 PM EST",HOOD,neutral,2025-11-26 17:57:21
282,I should get off margin account,"Wednesday, November 26, 2025 at 7:52:35 PM EST",BULL,neutral,2025-11-26 19:52:35
283,Iâ€™m Dutch but Iâ€™m celebrating Thanksgiving today for the first time!,"Thursday, November 27, 2025 at 4:13:22 AM EST",SPY,neutral,2025-11-27 04:13:22
284,Best week I've Ever had. Thank you Google.,"Thursday, November 27, 2025 at 4:21:54 AM EST",GOOG,neutral,2025-11-27 04:21:54
285,META 2200 shares @ $585,"Thursday, November 27, 2025 at 5:33:16 AM EST",META,neutral,2025-11-27 05:33:16
286,GDX FRIDAY FEAST. HISTORY TILTS GREEN. MINERS UP TRIPLE DIGITS. Iâ€™M LONG.,"title=""Thursday, November 27, 2025 at 7:39:32 PM EST""",GDX,neutral,
287,This is to all the regards who laughed at my DD post on META,"Friday, November 28, 2025 at 1:22:13 PM EST",META,neutral,2025-11-28 13:22:13
288,Black Friday GOOGL 0DTE +$21K,"Friday, November 28, 2025 at 9:38:58 PM EST",GOOGL,neutral,2025-11-28 21:38:58
289,"Didnâ€™t realize market closed early today, holding $120k of OTM puts over the weekend now","Friday, November 28, 2025 at 10:10:01 PM EST",SPY,neutral,2025-11-28 22:10:01
290,INTC position to pull me out from the depths of despairðŸ¥€,"Saturday, November 29, 2025 at 12:08:04 PM EST",INTC,neutral,2025-11-29 12:08:04
291,"Dug my Roth IRA out from the trenches this year, down $28k to + $51K - mostly GGLL options and GOOG returns","title=""Saturday, November 29, 2025 at 3:31:42 PM EST""",GOOG,neutral,
292,Nvidia's Jensen Huang urges employees to automate every task possible with AI,"Sunday, November 30, 2025 at 4:52:52 PM EST",NVDA,neutral,2025-11-30 16:52:52
